{"stats":{"minecraft:picked_up":{"minecraft:dirt":1},"minecraft:custom":{"minecraft:jump":29,"minecraft:time_since_rest":3455,"minecraft:damage_dealt":70,"minecraft:leave_game":2,"minecraft:crouch_one_cm":56,"minecraft:play_time":3455,"minecraft:sprint_one_cm":2225,"minecraft:time_since_death":3455,"minecraft:walk_on_water_one_cm":287,"minecraft:walk_one_cm":5659,"minecraft:sneak_time":9,"minecraft:total_world_time":3455,"minecraft:fly_one_cm":11444},"minecraft:mined":{"minecraft:grass_block":1},"minecraft:used":{"minecraft:dirt":1,"minecraft:villager_spawn_egg":8,"minecraft:flint_and_steel":1,"minecraft:tnt":10}},"DataVersion":3465}